0,1,2,3,4,5,6,7,8,9,10,11,12,13,14,15,16,17,18,19,20,21
0.29907164,1.9033108,0.32248658,-1.8579445,0.034512628,-0.4284131,-1.3057241,-1.266036,-0.28034633,-1.486791,-0.1105615,-0.77038866,-1.1731886,-1.2355149,-0.6547223,-0.79273254,-1.828569,-1.1174953,-0.7352888,0.39083058,0.37467784,-0.13830385
0.6507408,1.5553309,1.5013516,-2.6970215,0.13163887,-1.3157165,-2.1858048,-1.1174661,-0.77792865,-2.401096,-0.6314339,-0.5012238,-2.2260141,-1.9603617,-0.85444295,-0.17133236,-2.742059,-1.195891,-1.015067,-0.031830348,-0.43405527,-0.96910787
0.52462,1.475711,1.1635864,-2.1918485,-0.25748488,-0.6966612,-1.4943491,-0.9701981,-0.48665112,-1.565027,-0.49226013,-0.43023142,-1.5774773,-1.2454028,-0.679896,0.078810975,-2.0864651,-0.8611876,-0.980596,-0.12793322,0.115816124,-0.91318804
0.20959672,1.3578085,1.1609399,-2.5497513,-0.23610225,-0.8680964,-1.962077,-1.0843637,-0.6955541,-1.8890301,-0.6254611,-0.4457624,-1.6661096,-1.3471262,-0.93755984,-0.06925789,-2.1922395,-1.0955715,-1.1189102,-0.23712325,0.055495672,-0.8475123
-0.08454635,0.496947,0.35109556,-0.5929844,0.086048715,-0.13235931,-0.55797994,-0.3385526,-0.29376134,-0.3927078,-0.21068072,-0.20379521,-0.45773882,-0.58560157,-0.53109646,0.4509574,-0.6736897,-0.21952872,-0.36223382,-0.10652829,0.06565674,0.0013974681
0.09360114,1.8502649,1.4565036,-2.7938442,0.61386824,-1.0433322,-2.3515189,-1.4844649,-0.6101705,-2.3985984,-0.4493143,-0.6602214,-1.6884553,-1.820114,-1.1284508,-0.5658863,-2.3567803,-1.3350791,-0.9755698,-0.017654067,-0.23974293,-0.49198306
0.7572963,1.793987,1.223477,-2.2724392,-0.11332722,-0.9442198,-1.1159363,-0.81909937,-0.56088656,-2.048348,-0.48274407,-0.81404155,-1.7679551,-1.229361,-1.1603454,-0.22288194,-2.6430528,-1.1607078,-0.8710615,0.12230528,0.23389742,-0.6439935
-0.36772162,0.5861107,0.4532649,-0.99332684,0.045553554,-0.37958112,-0.7417505,-0.83664197,-0.17537256,-1.1047484,-0.08615224,-0.3016062,-0.44567302,-0.74497163,-0.35940275,-0.06928023,-0.4998055,-0.32288808,-0.6187312,-0.09045536,-0.124237396,-0.06713777
-0.11456479,0.32787275,0.11247978,-0.56010157,-0.21498412,-0.056355048,-0.25443628,-0.34681648,-0.27343655,-0.63128865,-0.13767454,-0.32432118,-0.28192246,-0.4117491,-0.60948867,0.41027817,-0.4757631,-0.2778696,-0.52348983,-0.20272726,0.18375823,-0.1665298
0.094872974,0.47126907,0.21269365,-0.42952788,0.068460815,-0.44752058,-0.3414926,-0.29573643,-0.2795107,-0.78604186,-0.10177274,-0.1429975,-0.4812469,-0.6811398,-0.61577696,0.01354675,-0.94501245,-0.4891839,-0.26738274,0.0909148,0.04415726,-0.24258897
1.213111,2.0624518,0.90879136,-2.0323703,0.09782583,-1.0292846,-1.4809394,-1.1405385,-0.9456404,-1.9415864,-0.43175188,-0.6463094,-1.955983,-1.8640819,-1.0825373,0.36638558,-2.618969,-1.2880516,-1.0784128,0.16826928,-0.55557173,-0.4859544
0.08688773,0.56287086,0.3893842,-0.7392909,-0.014713261,-0.15368243,-0.48218575,-0.40732354,-0.3710502,-0.7312645,-0.17377223,-0.059849765,-0.35788786,-0.6006876,-0.2807795,0.113911465,-0.69461846,-0.037722893,-0.2943668,0.15632471,0.17966902,-0.13701373
-0.05642284,1.1671501,0.5562396,-1.2771378,0.31973055,-0.2998185,-0.72774166,-0.60457987,-0.36088404,-1.2188005,-0.18875256,-0.36660028,-0.70691615,-0.8774649,-0.85515356,-0.12767375,-1.1246029,-0.47089717,-0.64450586,0.062196024,0.31217408,-0.19109964
0.004149544,0.71942073,0.3993498,-1.2996981,-0.13512352,-0.21657634,-0.7597766,-0.2215524,-0.27416775,-0.73451304,-0.09726536,-0.5270169,-0.64791775,-0.78272915,-0.673023,0.039728828,-0.9465692,-0.5091771,-0.53829557,-0.13182625,0.44648293,-0.4233451
-0.40836447,1.5314711,0.7936771,-1.5014585,0.15773259,-0.1046751,-1.0589513,-0.8484259,-0.550156,-1.2775083,-0.20099333,-0.5004763,-0.8271099,-0.8495655,-0.87488264,-0.29365703,-1.4951504,-0.71557295,-0.602307,0.014220038,0.81344265,-0.31755242
0.81074506,1.4744711,0.45446408,-1.7454575,-0.19475612,-0.819594,-0.6283175,-0.6598162,-0.4179787,-1.582625,-0.3212499,-1.0838977,-1.3279676,-1.1900309,-1.0116961,-0.00033532828,-1.9734541,-1.4428896,-0.9346754,-0.13391432,-0.03060124,-0.34836012
0.25651398,1.063006,0.8676107,-1.2492614,0.10899733,-0.5775514,-0.61924225,-0.72059923,-0.50681627,-1.2022119,-0.4685058,-0.36841878,-0.9900061,-1.1226536,-0.7851686,0.12939593,-1.7561964,-0.53386307,-0.23246303,0.124549605,0.21689254,-0.19949502
-0.112625666,0.8650903,0.61232764,-1.3763385,0.059430216,-0.20349252,-0.9174319,-0.5424515,-0.033451892,-1.1765906,0.018406827,-0.42588615,-0.6282149,-0.77341163,-0.7297305,-0.23524058,-1.0041026,-0.33589193,-0.69774574,0.16284484,0.5090056,-0.30093545
-0.06436223,0.6803086,0.23852192,-0.7894082,0.0638705,-0.03719643,-0.40981007,-0.45630348,-0.15137582,-0.47584262,-0.021497156,-0.24613522,-0.19405086,-0.4423737,-0.16698566,-0.11162645,-0.527161,-0.25981733,-0.42702112,-0.02881552,0.3826496,-0.028444119
0.14631912,0.35437733,0.25407577,-0.55027276,-0.05530426,-0.26132402,-0.09542201,-0.32963294,-0.13202074,-0.6081662,-0.19728532,-0.150072,-0.26065585,-0.39136893,-0.27506006,0.105313614,-0.57831657,-0.28993037,-0.2778347,-0.010403095,0.17017919,-0.080885775
0.1977013,1.7886714,1.4344574,-3.040006,0.14120719,-0.65253973,-2.1932497,-1.4874146,-0.7757189,-2.1675706,-0.58775383,-0.72794026,-1.735978,-1.4814564,-1.0383387,0.002295643,-2.5066175,-1.0954794,-1.2487507,-0.090705015,-0.07219551,-0.59228283
0.215956,0.7967437,0.5781641,-1.197939,-0.0036138645,-0.41329497,-0.6696005,-0.686884,-0.36207375,-1.2171286,-0.2692239,-0.37027538,-0.6451419,-0.8997054,-0.62379,0.09041806,-1.2063382,-0.4254216,-0.3961984,0.24985865,0.054538973,-0.059614576
-0.34240958,1.2555064,0.08822898,-0.9876114,0.5390886,-0.36640534,-0.47815898,-1.000337,-0.034737747,-1.2122653,0.12414764,-0.52404267,-0.59483117,-0.91270626,-0.77733225,-0.73097014,-0.91409826,-0.42978704,-0.5405672,0.31807142,0.18007272,0.19902104
0.0036690328,0.51600266,0.11423506,-0.50789297,0.031873062,-0.03486241,-0.22632271,-0.44756812,-0.08338591,-0.43797663,-0.040247217,-0.15894714,-0.13843071,-0.3878254,-0.24405392,-0.04734426,-0.44029966,-0.320229,-0.20380725,-0.014350457,0.20568645,0.097860545
-0.25255752,0.67956734,0.211976,-0.48162705,0.1290116,0.18253827,-0.37422815,-0.46036208,0.0035794154,-0.48145124,0.01175024,-0.27263844,-0.001317624,-0.22420883,-0.37705567,-0.14782727,-0.4396695,-0.33239996,-0.1437105,-0.053623892,0.5308566,0.33141115
-0.044364814,1.0701979,0.71783215,-1.4995408,0.074828796,-0.39123082,-1.1701889,-1.1178705,-0.6298681,-1.117592,-0.33264244,-0.2470579,-0.6755286,-1.0767506,-0.44353586,0.08406159,-1.0126793,-0.6072691,-0.82037777,-0.13530783,-0.029678993,-0.34287685
0.109056555,0.68106747,0.2532094,-0.7802087,0.14845397,-0.1641583,-0.4819623,-0.36833757,-0.15366818,-0.5610466,-0.28655106,-0.19500667,-0.36953038,-0.5629231,-0.38691577,0.0009924024,-0.8268608,-0.58712304,-0.32160243,-0.19168879,0.081157215,0.04352518
0.29299533,1.0727968,0.67125154,-1.455295,0.18719414,-0.50932467,-0.7812584,-0.807007,-0.17581525,-1.4646583,-0.18703066,-0.42604557,-1.1739521,-1.0442517,-0.83941555,-0.075717725,-1.5389256,-0.6026553,-0.47923082,0.27140498,0.039108418,0.014847271
-0.55473095,0.76337034,0.30285978,-0.62284994,0.26121116,0.112655595,-0.3535118,-0.61951727,-0.07795393,-0.49333823,-0.03633586,-0.105482236,0.028056003,-0.3815578,-0.30886114,-0.32712764,-0.33578908,-0.25147137,-0.14579383,0.049882427,0.48638254,0.20626941
0.35399216,0.95490324,0.6535804,-1.2612484,-0.049296584,-0.71797127,-0.9090801,-1.0065022,-0.24692935,-1.7519501,0.004062902,-0.6105721,-0.9816513,-1.1328988,-0.75907826,-0.039913647,-1.1807619,-0.9453459,-0.8823918,-0.118130945,-0.16319776,-0.04617863
0.7336581,1.3144472,0.58245665,-1.5055344,-0.08375034,-0.5185989,-0.5629991,-0.3530978,-0.47333136,-1.1360229,-0.46640614,-0.57323176,-1.1174562,-1.0020281,-0.76150876,0.07786997,-1.6388571,-0.878439,-0.7932524,-0.16059145,0.17037971,-0.5512247
0.020076621,0.23521064,0.03037393,-0.25994146,0.009730942,0.08457002,-0.18373823,-0.17989942,-0.08343726,-0.24012801,-0.012564033,-0.10743727,-0.1264151,-0.20612635,-0.42676988,0.12071347,-0.2994995,-0.15718368,-0.104869105,-0.053337768,0.27653062,0.11822121
0.17100579,0.98717153,0.4828564,-0.91135454,0.03970271,-0.50630695,-0.50602186,-0.64380205,-0.5861805,-1.1842524,-0.34491605,-0.3746935,-0.76714134,-1.1110622,-0.9140575,0.17819053,-1.3762132,-0.6552474,-0.35270393,0.10131124,0.17711562,-0.17843497
-0.054955684,0.70019716,0.2679057,-0.8472575,0.060307648,0.122654796,-0.67648935,-0.40731418,-0.19037156,-0.30792302,-0.20127666,-0.23146044,-0.25258455,-0.38271084,-0.32820535,0.014712632,-0.6015301,-0.3324352,-0.18855438,-0.15958023,0.44734758,0.0036455542
-0.35685864,0.8632688,0.46359378,-0.8053973,0.34852865,-0.25007853,-0.6683488,-0.7469447,-0.22157519,-0.63558936,-0.09644225,-0.21909504,-0.18224439,-0.60131043,-0.40678316,-0.33958933,-0.82411754,-0.34786448,-0.20379475,0.1534197,0.31095365,0.110194586
0.38203496,1.1641293,0.39922124,-1.4591585,-0.01724407,-0.41478345,-0.82846874,-0.5408077,-0.60895014,-1.4052967,-0.08280441,-0.9594492,-1.1490687,-0.9950987,-1.1914866,0.11126255,-1.599564,-0.73337233,-0.90948695,0.22706306,0.1624188,-0.29638478
-0.13089919,1.1705313,0.76133627,-1.4048026,0.6785227,-0.4219409,-1.2314982,-1.1855696,-0.4625553,-1.0078799,-0.23455729,-0.44943342,-0.8117615,-0.66207623,-0.58112603,-0.4957441,-1.217353,-0.2515025,-0.5828001,0.27003083,0.058956355,0.048334904
0.3530711,0.66244864,0.2774343,-0.8008454,-0.022287812,-0.6925743,-0.20045432,-0.5878404,0.19024745,-1.2618186,0.088085264,-0.37500426,-0.7625203,-0.9391521,-0.31682575,-0.25944963,-0.83915854,-0.5917572,-0.45934576,0.08320288,-0.14079052,-0.103500314
0.06518182,0.96163285,0.32259703,-1.0544963,0.06663453,0.02792534,-0.45905408,-0.63133293,-0.11611679,-0.6476233,-0.14773941,-0.42218065,-0.58415747,-0.42851567,-0.5072766,0.028587967,-1.0960406,-0.5396389,-0.46325538,-0.0615028,0.31636584,0.0016187057
0.2333911,0.8956593,0.9457436,-1.6207337,-0.23503575,-0.49219212,-1.3385341,-0.87764686,-0.68299204,-1.1852016,-0.37253487,-0.21990143,-0.8632562,-1.0446812,-0.33735758,0.22241469,-1.2507447,-0.60138166,-0.78599674,-0.15345168,-0.021670394,-0.60340875
0.47418982,0.8989382,0.21107373,-1.0734159,0.019911312,-0.7624443,-0.49663284,-0.599283,0.26967022,-1.5060587,-0.028878188,-0.48024842,-1.01496,-1.2664738,-0.4446886,-0.18168187,-0.99838257,-0.8387182,-0.58438504,-0.078436926,-0.3820173,0.06947439
-0.367269,1.7789671,1.2839093,-2.4538915,0.47701392,-0.37341848,-1.9411056,-1.4149196,-0.48753142,-1.8210431,-0.46336856,-0.39281943,-1.5512561,-1.377749,-0.9263094,-0.43455583,-1.9543148,-1.0932168,-0.60486585,-0.104154594,0.17150536,-0.7332709
-0.2610348,0.8096162,0.34339547,-0.7417996,0.2250986,-0.28176495,-0.6651528,-0.76955277,-0.11636979,-0.86196554,-0.04057194,-0.30509102,-0.36490345,-0.7423295,-0.4279873,-0.21409628,-0.7983748,-0.5763487,-0.27137247,-0.11389546,0.06480662,-0.026885353
0.6342292,1.0522532,0.5158855,-1.2245196,-0.104203045,-0.44337216,-0.60047716,-0.87904775,-0.53267115,-0.72332203,-0.42994744,-0.26409125,-0.58816177,-1.1412498,-0.0480846,0.30036232,-0.9155499,-0.5072876,-0.57128316,-0.06519585,-0.23764837,-0.10073947
0.3439437,1.0810761,0.80215925,-1.6370394,-0.06891911,-0.49643287,-0.9884143,-0.6618969,-0.43039036,-0.952736,-0.5368837,-0.522651,-1.1017374,-1.1167408,-0.7834643,0.26691654,-1.4425708,-0.75652045,-0.6090999,-0.13809851,0.024853818,-0.24769032
0.3150392,0.72549045,0.65211487,-1.1069926,-0.06691757,-0.59157157,-0.3743042,-0.4711607,-0.11940132,-1.2067655,-0.27258947,-0.34581947,-0.76984435,-0.793177,-0.6101632,0.07613225,-1.0360749,-0.5665298,-0.39431712,-0.008733764,0.010412402,-0.21840689
0.84037423,1.5216923,0.30946553,-1.5681342,0.23507383,-0.77311975,-0.6181361,-0.9115015,0.023380335,-1.822882,-0.05870681,-0.7032983,-1.2484212,-1.2799462,-0.8450779,-0.5761593,-1.7903575,-1.1071895,-0.7731882,0.29334977,0.03952378,0.124101214
0.5149302,1.7464395,1.2726333,-2.5689847,0.17323145,-0.5317895,-1.777381,-0.88630974,-1.0994658,-1.4906805,-0.9025736,-0.39640445,-1.9322419,-1.6388178,-0.85249317,0.22322536,-2.633077,-1.0878707,-0.5473907,0.13758947,-0.044574685,-0.69406533
0.053410206,0.42646796,0.11013837,-0.42108673,0.057145584,-0.0764126,-0.21260145,-0.35251397,0.08783887,-0.51866233,-0.06004669,-0.14937964,-0.055708043,-0.39454496,-0.2905073,0.028106011,-0.43418184,-0.4472994,-0.1612154,-0.10624758,0.17263317,0.1771887
0.15061134,0.82466227,0.53516847,-1.1039441,0.10184693,0.057330564,-0.8751146,-0.54579693,-0.52041686,-0.35224456,-0.5008509,-0.10815872,-0.52733713,-0.48283103,-0.07360465,0.028974257,-1.0426002,-0.27415192,-0.24704939,0.020361038,0.30425337,-0.21988696
0.3817336,0.8888709,0.14152315,-1.0399406,0.11299918,-0.46087423,-0.30802497,-0.75811875,-0.26110688,-1.0867879,-0.09717267,-0.41221738,-0.64107776,-0.7786404,-0.46753895,-0.32864606,-0.8638425,-0.5930876,-0.6806773,0.24079785,-0.044041105,0.10574188
0.3743805,1.5204273,0.88030165,-2.1023479,-0.050730575,-0.86532944,-1.3038595,-0.753529,-1.0586071,-1.691623,-0.7859859,-0.4293111,-1.668231,-1.6212984,-1.0692811,0.11854333,-2.350867,-1.0394905,-0.86600333,0.017003806,-0.14355823,-0.79333866
-0.20864889,0.4935882,0.54533994,-0.90521795,0.10620842,-0.28221405,-0.70876503,-0.6391728,-0.07220428,-0.84623075,-0.05054151,-0.21802507,-0.39145452,-0.5813296,-0.20647888,-0.23416969,-0.45594797,-0.2866444,-0.46773618,-0.071267046,0.033122018,-0.10821476
-0.2285206,1.2230151,0.5249963,-1.245871,0.40543622,-0.47629967,-0.8596744,-1.0849634,0.17695448,-1.3317757,-0.020151414,-0.2504034,-0.7350464,-0.8678074,-0.610315,-0.66930175,-0.9508501,-0.5765526,-0.42716667,0.041880794,0.34695992,-0.071987696
0.036339495,0.7329146,0.33198738,-0.88413525,0.19893374,-0.15206692,-0.5281559,-0.4830438,-0.039903514,-0.60916877,-0.20960703,-0.12163891,-0.32866725,-0.6089587,-0.29075837,-0.11875478,-0.6096244,-0.34518316,-0.34307995,-0.26930252,0.38081664,-0.16902596
0.88806176,1.6163334,0.45188892,-1.7965466,-0.3707155,-0.72407824,-0.8321485,-0.81201714,-0.2390083,-1.5298321,-0.14582264,-0.75618625,-1.3405951,-1.2777785,-0.49495095,-0.3434808,-1.8105104,-1.0328982,-0.9485416,0.12927769,0.23190722,-0.5064392
0.31618428,0.86535794,0.6101511,-1.4736518,0.13340169,-0.62805206,-1.0674515,-0.6805045,-0.155088,-1.3022757,-0.30094215,-0.5847608,-1.0632862,-0.98425615,-0.7360985,0.17972445,-1.3726147,-0.697975,-0.81526273,-0.26130033,-0.07295861,-0.24438834
-0.1038381,0.85527426,0.37711167,-1.0280784,0.35692042,-0.10258226,-0.619869,-0.52821946,-0.004213924,-0.690876,-0.13384084,-0.28993404,-0.3774922,-0.58613265,-0.47836006,-0.22521746,-0.9069625,-0.26333022,-0.38327894,-0.2042172,0.37005925,0.0054823384
0.43204656,0.9978129,0.22456191,-1.1591191,0.16322452,-0.6799635,-0.40182924,-0.6620156,-0.011876501,-1.4821594,-0.08379744,-0.5312631,-0.94497025,-0.9980644,-0.7559925,-0.3216244,-1.3491858,-0.92649174,-0.5633457,0.008212084,-0.042329706,-0.038395084
0.3267558,0.8178746,0.48590916,-1.011357,-0.10806961,-0.11200003,-0.49276534,-0.58504254,-0.12892018,-0.6691009,-0.21149543,-0.6109483,-0.74436826,-0.45977727,-0.76204205,0.32601047,-0.89410746,-0.47636062,-0.59925306,-0.15025355,0.22898513,0.034430236
0.962956,1.8368124,1.0792959,-2.5156972,0.15708126,-0.67566603,-1.3998997,-1.123423,-0.850192,-1.8324369,-0.7865672,-0.9398019,-1.8793724,-1.2054027,-1.199649,0.34510702,-2.69966,-1.1063281,-1.0940363,0.12098681,-0.08348552,-0.2617309
-0.09371947,0.6352731,0.26534402,-0.85053355,-0.025961153,-0.16101521,-0.5692484,-0.524157,-0.23301356,-0.8172989,-0.1714885,-0.28641868,-0.46269497,-0.6523512,-0.58526033,0.00974872,-0.6835432,-0.269275,-0.40363058,0.11767391,0.3002369,0.030158423
0.1059713,0.7602006,0.2185462,-1.0017622,0.0385246,-0.06393197,-0.4787719,-0.56759447,-0.48932195,-0.6865188,-0.11092605,-0.35112435,-0.3759563,-0.5069058,-0.37690458,-0.023325942,-0.84716487,-0.2747599,-0.5415327,0.04725536,0.39292943,-0.09044448
-0.23372722,0.6471268,0.23961519,-0.7265288,0.2572328,-0.09552358,-0.3653842,-0.49310952,-0.056305483,-0.6710657,0.0808277,-0.18478581,-0.12347225,-0.5334355,-0.37477434,-0.20415738,-0.49253082,-0.14588477,-0.29465285,0.14811596,0.35040095,0.22548911
0.31600225,0.64022696,0.44340968,-0.6392463,-0.04445693,-0.20165916,-0.15774733,-0.37939858,-0.15973641,-0.79744947,-0.18911657,-0.34565333,-0.53121763,-0.29122278,-0.5843537,0.029501915,-0.8873781,-0.38191456,-0.34374055,0.01660913,0.357431,-0.14464366
0.5364872,1.595448,1.1033446,-2.4349241,0.26931915,-0.5897422,-1.5187478,-1.1918783,-0.6947077,-1.6263599,-0.5320187,-0.6837501,-1.800469,-0.97017133,-1.1382813,0.071293,-2.4409726,-0.72075593,-0.8284953,0.23808792,-0.10412618,-0.41523886
0.27510282,0.81987834,0.06704318,-0.78549737,0.30376798,-0.07443158,-0.60166365,-0.5158232,-0.10091836,-0.5338446,-0.27964228,-0.2380595,-0.46422222,-0.6051452,-0.25681382,-0.08792242,-0.8457471,-0.56117785,-0.17010443,-0.1607327,0.086534016,0.1519039
0.87320405,1.8223323,0.9407711,-2.550745,-0.080567576,-1.0461429,-1.396409,-0.9608137,-0.40547737,-2.2229972,-0.45331982,-0.73495555,-2.0206878,-1.672656,-1.0567591,-0.38181502,-2.7006743,-1.1332843,-1.1649103,0.27345407,-0.055421196,-0.680039
0.12008796,1.4621849,0.3273906,-1.5134203,0.41165987,-0.22104526,-0.68824804,-0.92660916,-0.072022624,-1.2740718,-0.21752216,-0.32844907,-0.8684677,-0.87494195,-0.70389605,-0.5239447,-1.5200816,-0.92511904,-0.4800637,0.050358206,0.35865456,-0.04483641
0.18694249,0.93115884,0.30091298,-1.0857549,-0.09093599,-1.193841,-0.25111312,-0.73593265,0.023525419,-1.8360734,-0.12835889,-0.59329677,-0.886155,-1.1060414,-0.86538124,-0.4289863,-1.4477683,-1.1162618,-0.6733456,-0.027664332,-0.2188063,-0.34994256
-0.014586639,1.1410244,0.06533598,-1.1005348,0.2588176,-0.2664792,-0.51111233,-0.8606942,0.09084087,-1.4455373,0.17680702,-0.75399023,-0.7761601,-0.9200175,-0.65449154,-0.7261177,-1.1289244,-0.91628313,-0.5621431,0.27130184,0.08247249,0.28177893
-0.34250656,0.8523704,0.32088298,-0.6929175,0.19857085,-0.034016363,-0.31356093,-0.61923033,-0.17573987,-0.60188997,-0.09369429,-0.14289695,-0.080817066,-0.6022167,-0.41817173,-0.19532245,-0.38501737,-0.24546605,-0.33467796,0.022127869,0.38810194,0.10970902
0.107960336,0.611221,0.07648456,-0.8573516,-0.08174567,0.074816495,-0.38191673,-0.43091983,0.042499498,-0.3247506,-0.2384315,-0.50659,-0.36859035,-0.26954767,-0.70850945,0.30166426,-0.77409947,-0.40767035,-0.5674789,-0.4061099,0.23230568,0.0406363
-0.25466415,0.90535676,0.86223346,-1.5397801,0.24634515,-0.20055994,-1.3132735,-0.7694531,-0.36200294,-0.96846247,-0.259009,-0.3068625,-0.70455205,-0.8189659,-0.39103383,-0.18389603,-0.9924183,-0.5560663,-0.5067075,-0.15040766,0.27276653,-0.25338283
-0.051169652,0.54181457,0.2297855,-0.88524276,-0.14519677,-0.61654437,-0.3793082,-0.6475194,-0.3283581,-1.1550988,-0.1984006,-0.32615227,-0.5667575,-0.8469782,-0.42794847,0.055172123,-0.6549103,-0.5118296,-0.62916225,0.06679017,-0.2120738,-0.20265609
0.33422056,1.2898068,0.9605091,-1.746748,0.2740126,-0.64665806,-1.8445534,-1.1378471,-1.0658462,-1.348988,-0.67110354,-0.25013766,-1.5327737,-1.4179934,-0.84759086,0.26910046,-1.976485,-0.7853008,-0.5940612,0.023326794,-0.33767545,-0.40746883
0.32234275,1.6150936,0.78823626,-2.082745,0.16804302,-1.1995263,-1.3916751,-1.4556968,-0.07959404,-2.2413704,0.040919255,-1.0577161,-1.5820305,-1.3403627,-1.0730807,-0.77725327,-2.0275152,-1.2156126,-1.0386074,0.30396077,-0.22572261,-0.43965042
0.1701146,0.6591154,-0.05626771,-0.5012957,0.042545315,-0.33363986,0.0916872,-0.36074752,-0.11124111,-0.69974387,-0.096228525,-0.3160913,-0.37345725,-0.5690705,-0.48134407,-0.09327657,-0.76542807,-0.4521408,-0.22016627,-0.13738187,0.30778986,-0.15759733
0.6821981,2.0828846,1.6201379,-3.0714035,0.12451326,-0.6011534,-2.4743347,-1.3562615,-0.8886878,-1.5919262,-0.6807133,-0.8773846,-2.1142354,-1.5048718,-0.962595,0.45188317,-2.8445365,-1.0341862,-1.1146996,-0.06986875,0.021549687,-0.65897787
1.1930612,2.359343,0.91417575,-2.522163,0.0684415,-0.6705211,-1.469547,-1.2556412,-0.80558544,-1.7248266,-0.6193192,-0.89449406,-1.9773576,-1.3845273,-1.0799453,0.07301175,-2.808668,-1.4725767,-1.1010342,-0.057546936,-0.00911101,-0.6974818
